product_name,brand_name,rating,review,sentiment,issue_category,urgency,reason
Nokia C3 (C3-00) WHITE Unlocked Phone,Nokia,2,"I needed a texting phone that did not require a data plan. I also needed a Nokia as they have the best antenna and can get out when other cell phones can't. Buyer beware! This phone is very difficult to use. It locks after a few seconds of non-use and that can't be turned off! The screen goes dark after only a few seconds of non-use and that too can not be changed. It literally took hours to figure out how to use this phone. An example: I needed to find the call log. After searching forever I finally stumbled across it under contacts. Now that makes sense, why didn't I think of that. The same problem occurred when trying to change the ring tone. Don't bother looking under settings. The only good thing about the phone is that it does get out almost everywhere. And..... no data plan required.",Negative,Performance,High,"Customer found the phone difficult to use, with issues such as locking after a few seconds of non-use, dark screen, and poor navigation."
"Apple iPhone 6S Plus Unlocked Smartphone, 32 GB (Space Gray)",Apple,5,Excellent!,Positive,Others,Low,Customer praised the product.
"Samsung Galaxy Note 3 N9005 Unlocked Cellphone, International Version, 32GB, Black",Samsung,5,"I recommend this excellent team for the many differentiating factors of competition, the screen, the durability of the battery, the S Pen and among others soprendido let me!",Positive,Display,Low,Customer praised the screen and durability of the battery.
BLU Dash L Unlocked Smartphone - Global GSM - Pink,BLU,5,"updated review. Purchased this phone on November 27, 2015. Worked great for 5 months. It started to not keep track of time last week. Now it doesn't charge. I DO NOT RECOMMEND this phone or BRAND. Stay away, far away!!!!!",Negative,Battery,High,"Customer experienced battery issues, including not keeping track of time and not charging."
"LG G3 D855 Factory Unlocked Cellphone, International Version, 16GB, Black",LG,3,battery fail,Negative,Battery,High,Customer reported battery failure.
Apple iPhone 5c 32GB - Unlocked - (Yellow),Apple,1,The phone was orange pink color not yellow like I ordered,Negative,Product Quality,High,Customer received incorrect product color.
Verizon (CDMA) - Motorola MOTO W755 CDMA 3G Camera Cell Phone - Purple & Black,Motorola,3,Limited Battery life. Not a fancy phone but it works. Limited Battery life. Not a fancy phone but it works.,Negative,Battery,High,Customer complained about limited battery life.
"Smart watch,[1 Year Warranty]JoyGeek Gear S Bluetooth Watch Phone for iPhone and android SmartPhones(Black)",JoyGeek,1,"Not at all what I expected, but I guess you get what you pay for. Broke in the first week. Don't bother.",Negative,Product Quality,High,Customer was dissatisfied with product quality and durability.
Apple iPhone 6 Plus 128GB Factory Unlocked GSM 4G LTE Cell Phone - Gold,Unknown,5,100% serious vender very recomended,Positive,Seller Experience,Low,Customer praised the vendor's reliability and recommended them.
"HTC ONE M9 32GB Unlocked GSM 20MP Camera Smartphone, Gunmetal Grey",HTC,5,So easy to use. Love it,Positive,Others,Low,Customer praised ease of use.
BLU Life 8 XL Smartphone - Unlocked - US GSM - White,BLU,3,Good for the 99 price but I wouldn't buy it again. Front facing camera just stopped for no reason.,Negative,Camera,Medium,Customer experienced camera malfunction.
Apple iPhone SE Unlocked Phone - 64 GB Retail Packaging - Gold,Apple,1,"I was very excite when this arrived due to all the great review. Right of the bat, the phone said I am on a lower IOS update so it won't be able to transfer my content from my old iPhone to this. But I ignored it. I had to individually redownload all my apps. Netflix won't work. It won't let me update my iOS. Has Chinese lettering in the back, like wtf. So many problems with this. I wish I could return this or get a replacement because this is bull-crap",Negative,Performance,High,"Customer experienced multiple issues with the phone's performance, including app transfer problems, iOS update issues, and Chinese lettering on the back."
BLU Studio 5.0 C HD Smartphone - Unlocked - Yellow,BLU,4,"Great phone! The only down fall of this phone is the battery life is poor. If you use WiFi, play music, play games or down load anything it drains the battery vary quickly so keep a charger close.",Negative,Battery,High,Customer mentioned poor battery life and quick draining.
CNPGD Watch Cell Phone Mobile Touch Screen Mp3 Mp4 Fm Radio (Black/Silver),CNPGD,5,Awesome thanks,Positive,Others,Low,Customer expressed gratitude.
Samsung Galaxy Note 3 (SM-N900V) - 32GB Verizon + GSM Smartphone - White (Certified Refurbished),Samsung,3,"Got here right on schedule, and haven't had anything extremely wrong with it. But it did however have a software issue with the rear camera that causes the phone to vibrate and cause it to not focus, this is temporarily fixed by shaking the phone to take your pic. But all in all good buy.",Neutral,Camera,Medium,"Customer experienced a software issue with the rear camera, but it was temporarily fixed."
Nokia Lumia 920 32GB Unlocked GSM Windows 8 Smartphone w/ Carl-Zeiss Optics Camera - White,Unknown,5,"The best Nokia product.... Processor is fast, antenna is great and the camera too is super... Worth for the money...",Positive,Performance,Low,Customer praised processor speed and overall value for money.
"Motorola Moto X (2nd generation) Unlocked Cellphone, 16GB, White/Bamboo",Motorola,5,"Great smartphone. Quality build, nice features. So far so good",Positive,Product Quality,Low,Customer praised quality build and features.
"Blackberry Gemini 8520 White Unlocked Cell Phone with 2 MP Camera, Bluetooth, Wi-Fi--International Version with No Warranty (White)",BlackBerry,5,excellent product,Positive,Others,Low,Customer praised the product.
"Blackberry Curve 8520 Unlocked Quad-Band GSM Phone with 2MP Camera, QWERTY Keyboard, Wi-Fi and Bluetooth - US Warranty - Opal Pink",BlackBerry,3,I have some trouble with a independent seller and the order was canceled but after the reorder through amazon direct handling everything was ok....,Neutral,Seller Experience,Low,"Customer had a neutral experience with a seller, but issue was resolved after reordering through Amazon."
Huawei U8833/Y300 Android 4.1 Dual Core 1.0GHz 4.0 inch WVGA,Unknown,5,Great phone and the service was awesome! Its best option for this price.,Positive,Others,Low,Customer praised overall experience and value for money.
BLU Studio C Super Camera -Unlocked Smartphone - US GSM- Pink,BLU,2,"Phone will not stay charged and when you to plug in to recharge it takes forever, what is up with a phone with a battery that runs out every 3 hours?",Negative,Battery,High,Customer experienced battery drain and slow charging.
LG Nexus 5X Unlocked Smartphone - Mint 16GB (U.S. Warranty),LG,4,Functions pretty well at all things I use it for. The one downside is that there's no way to quickly reboot the phone if it crashes. All you can do is wait for it to finish crashing and reboot itself.,Neutral,Performance,Medium,Customer mentioned a minor issue with rebooting the phone after a crash.
X-shop 5.5-inch Unlocked White Lenovo A850 3g Smartphone-(960x540) Quad Core 4gb Mt6582m 1331mhz Android 4.2 Dual Camera +Dual SIM (Rooted + Google Play),Unknown,3,"This is a very basic no frills phone. Does the bare minimum for the most part. Still having trouble with downloading MMS messages on straight talk. However the internet is working, so if you have any idea how to fix my MMS issue it might just change my review",Negative,Performance,High,Customer is experiencing trouble with downloading MMS messages.
Samsung Galaxy J7 J700M 16GB Dual Sim LTE Unlocked Phone - Retail Packaging - White (International Version),Samsung,1,Is not working!!! Is fakeee,Negative,Others,High,Customer reported a faulty product.
BlackBerry Curve 9300 3G Unlocked GSM Smartphone w/ 2MP Camera - Red,BlackBerry,5,ok,Positive,Others,Low,Customer gave a brief positive review.
"Sony Xperia X unlocked smartphone,32GB Lime Gold (US Warranty)",Sony,5,i love everything about this phone... size... speed... design...,Positive,Others,Low,Customer praised overall phone experience.
Apple iPhone 6 Plus a1522 16GB Gold for T-Mobile,Unknown,5,Great.,Positive,Others,Low,Customer gave a general positive review.
GreatCall Jitterbug5 Easy-to-Use Cell Phone and Medical Alert Device for Seniors - Blue,Jitterbug,5,I haven't had it turned on as my old phone still work but runs the battery down since the light on it stays on all the time. She doesn't want to use the new phone for fear she damage it. I will be changing to my new phone when she goes back to Ohio. Her phone and carrier doesn't work in our area.,Negative,Battery,Low,Customer is hesitant to use the new phone due to battery concerns and fear of damaging it.
"ECOOPRO Rugged Unlocked GSM Cell Phone (Gold) - Dual SIM Mobile Device - Shockproof, Waterproof, Dustproof - Rear Camera, Flashlight, USB Charger - 2-Week Battery Life (Gold)",Unknown,4,*Good looking.*Heavy weight.*Nice touches.*Very very very long life battery. About 28 days up to now on standby and few calls and messages and still going.*Doesn't support Arabic.,Positive,Battery,Low,Customer praised battery life and standby time.
"Samsung Galaxy Grand Prime G531H/DS International Version Unlocked Cellphone, Retail Packaging, Gray (International Version)",Samsung,4,"At first I couldn't get my phone set up with Straighttalk which created a huge problem and I was about to send it back, then I figured it out on my own.pros; nice size display screen, takes great pictures and plenty of storage once you add a memory card, easy setup for any carrier, and lots of storage space for apps.cons: freezes up and turns off unexpectedly even though it says it has the latest software update, shabby charger that is pieced togetherIf you can deal with it freezing up sometimes then this is not a bad buy. The cost is quit similar to what you would pay for it in WalMart so be mindful of that.",Neutral,Performance,Medium,"Customer experienced freezing issues and unexpected shutdowns, but still considers it a good buy."
"Apple iPhone 6S Plus Unlocked Smartphone, 32 GB (Gold)",Apple,5,Excellent!! Love it,Positive,Others,Low,Customer praised the product overall.
HTC 1 X Unlocked GSM Android Smartphone with Beats Audio Sound and Front-Facing Speakers - White,HTC,3,"Pretty disappointed. I like eveything about the phone, but this one had the notorious yellow screen defect that I read about. Didn't expect it to be so common. Battery life was so-so as well, and dropped to nearly 30% after about 2 hours of constant chatting and surfing on it.",Negative,Display,High,Customer experienced the yellow screen defect and was disappointed with the phone's display.
Apple iPhone 4S 16GB (Black) - Verizon,Apple,5,Great phone....exactly what I was looking for. Seller was spot on on what phone offered. More of a beginner iPhone but as an experienced user I like the simple ness.,Positive,Others,Low,Customer praised the phone's simplicity and seller's accuracy.
"Samsung Galaxy S5 SM-G900A 16GB 4G LTE GSM Unlocked Android Smartphone, (Gold)",Samsung,1,no it this not work black scree.,Negative,Display,High,Customer experienced a black screen issue.
Samsung Galaxy S3 SGH-i747 4G LTE GSM Unlocked 16GB No Warranty (White),Samsung,2,They didnt say that the battery wasnt good and the phone is overheating.the power button is defective,Negative,Battery,High,Customer reported overheating and power button issues with the battery.
Apple iPhone 5c 16GB (White) - Sprint,Apple,1,bogus asl,Neutral,Others,Low,Unable to classify review due to lack of relevant information.
"Apple iPhone 6S Plus Unlocked Smartphone, 64 GB (Silver)",Apple,5,Came in perfect condition with everything included,Positive,Delivery,Low,Customer praised delivery condition and included accessories.
Apple iPhone 6s 16GB US Warranty Unlocked Cellphone -(Gold),Apple,5,Thanksss 💯,Positive,Others,Low,Customer expressed satisfaction.
Apple iPhone 7 Unlocked Phone 32 GB - US Version (Black),Apple,3,Need to go to the Apple Store. Technical problems like voice volume of the other person is not audible else it's good,Neutral,Performance,Medium,"Customer experienced technical problems with voice volume, but also mentioned it's good."
3 Pack Replacement Belt Clip Holster for Otterbox Iphone 5 Defender Case - Black,OtterBox,5,Work great!,Positive,Others,Low,Customer praised overall product performance.
Apple iPhone 4S 64GB (White) - Factory Unlocked,Apple,5,"Very good, Thanks",Positive,Others,Low,Customer praised overall experience.
LG Neon GT365 Prepaid GoPhone (AT&T),LG,4,Its a good phone really i dont used too much but its work i get what i want and a good price too,Positive,Performance,Low,Customer is satisfied with the phone's performance and price.
LG Nexus 5X Unlocked Smartphone with 5.2-Inch 32GB H790 4G LTE (Carbon Black),LG,5,Bigger and lighter than the phone it replaced. best part NO BLOATWARE!,Positive,Performance,Low,Customer praised performance and lack of bloatware.
Samsung Galaxy S6 Edge Plus G928C 32GB Unlocked GSM 4G LTE Octa-Core Smartphone w/ 16MP Camera - Gold Platinum,Samsung,5,It came in perfect conditions just I expected,Positive,Delivery,Low,Customer was satisfied with the product's condition upon delivery.
BLU Studio C Super Camera -Unlocked Smartphone - US GSM- Green,BLU,4,good midrange smart phone with some features on the top of the line,Positive,Performance,Low,Customer praised the phone's performance as good and midrange with some top-of-the-line features.
Samsung Galaxy S5 G900V 16GB Verizon GSM 4G LTE Smartphone w/ 16MP Camera - Shimmery White,Samsung,5,Great phone. love it.,Positive,Others,Low,Customer expressed overall satisfaction with the phone.
"Samsung Galaxy S5 SM-G900A GSM Unlocked Cellphone, 16GB, Black",Samsung,5,Grieta Cellphone,Positive,Performance,Low,Customer praised Grieta Cellphone's performance.
CNPGD All-in-1 Watch Cell Phone & Smart Watch Sync to Android IOS Smart Phone (Black Plus),CNPGD,1,Too bulky for women,Negative,Others,Low,"Customer found the product bulky, specifically for women."
Verizon (CDMA) - Motorola MOTO W755 CDMA 3G Camera Cell Phone - Purple & Black,Motorola,5,Nice phone thank you,Positive,Others,Low,Customer expressed general satisfaction with the phone.
LG G3 S Beat D722 8GB White (G3 Mini) Factory Unlocked - International model - No warranty,Unknown,2,I meant to purchase the regular G3 phone and not the mini one.I was surprised when I received it.,Negative,Others,Low,Customer received wrong product.
"Blu Studio C Mini Quad Core, 4.7"" IPS, Android 4.4 KK, 4G HSPA+, 5MP Camera - Unlocked Cell Phones -Black",BLU,2,"Phone seems nice but this is really for the seller. Description says pink, choose a white phone from the options.... Got a green one... WTH? Get ur stuff together.",Negative,Seller Experience,High,Customer received incorrect product color due to seller's mistake.
LG Nexus 5X Unlocked Smartphone - White 32GB (U.S. Warranty),LG,4,"My purpose for getting a phone is to talk, text, and email. So when I moved to the 5X on Google/Project Fi, I had hopes that it would outperform my previous phone and network (Moto E on Republic Wireless) for basic function.Pros:-The screen is clear and bright...too bright. I have to lower the settings nearly all the way so I don't blind myself. I see this as a good thing since I know I have an option to go brighter.-I haven't experienced any issues making a call over wi-fi or through the network, and texting and email works fine as well.-The fingerprint scanner works well, but sometimes too well and I accidentally unlock the phone when sliding it in my pocket.-Charging with the USB Type-C connector has been quick and easy. Google provided a standard USB to USB Type-C cable when I signed up for Fi which really helps.Cons:-I rarely have any hangups when accessing an app, but they happen. Luckily if something freezes up I can turn off the screen and wait a few seconds, which usually does the trick. Usually it's the camera, but I don't care much for taking pictures.-The fingerprint scanner can be a pain when grabbing the phone just to pick it up and not unlock it. You don't have to use it so it's not a big issue.-There are times when the lock screen turns on without touching of the phone or power and volume buttons, and it can be annoying.-The USB Type-C connector that was included with the phone could only be used with the AC adapter since both ends are Type-C.I've been using the phone since January and I have no significant complaints for the overall function of the phone.",Positive,Performance,Low,"Customer praised overall function of the phone, mentioning no significant complaints."
CNPGD Watch Cell Phone Mobile Touch Screen Mp3 Mp4 Fm Radio (Black/Silver),CNPGD,3,Evrerything good for me but it cant find my bluetooth jabra ... realy sorry. I hope that im not right but how can i know?,Neutral,Accessories,Low,"Customer had an issue with Bluetooth connectivity, specifically with a Jabra device."
BLU Life 8 XL Smartphone - Unlocked - Global GSM - Orange,BLU,1,"i hate it. Horrible phone, processor, and customer service. It says upgradeable to Lollipop, but when i call customer service 7 times, finally someone from overseas (even though the HQ is in Florida) picked up and started giving me unskilled excuses of why it is NOT upgradeable to lollipop currently because ""lollipop has issues and BLU is waiting for google to fix those issues."" When i repeatedly asked when they expect lollipop to be released for BLU, the customer service guy throws out out an uniformed guess of ""30 days"". That means, i will be stuck with the phone if they don't release it in 30 days because the return policy is only 30 days. Even though the prices is nice, the phone is horrible. I guess you do get what you pay for................sad case.Some issues experiencing: Phone restarts by itself without me pushing buttons; processor extremely slow that it takes about 30 to 50 seconds to capture a picture or send a message - this makes it much worse because user assumes he/she didn't take pic or send text, thus repeats the same action several times and freezes the phone. Screen UNRESPONSIVE to tough. VERY CHEAP plastic casing and parts. Phone is incapable of multitasking with multiple apps open.",Negative,Performance,High,"Customer experienced multiple issues with phone performance, including restarts, slow processor, unresponsive screen, and inability to multitask."
Apple iPhone 4 32GB (Black) - Verizon,Apple,5,my son loves his phone. No issues as of yet,Positive,Others,Low,Customer is satisfied with the product.
Nokia 220 RM-971 Unlocked Cell Phone with 2MP Camera (White),Nokia,1,"It never worked. This did not work since I got out of its box, unfortunately I knew that on coming to Venezuela. I don't return it because transportation is very expensive.if I could return at no cost I would do that, and buy my beloved Nokia C3-01",Negative,Product Quality,High,Customer experienced a faulty product that did not work from the start.
Samsung Galaxy Note 5 SM-N920A 32GB Android Unlocked Smartphone (WHITE),Samsung,5,Very good,Positive,Performance,Low,Customer praised battery life.
"ASUS ZenFone 3 Laser 5.5"" 2GB RAM 32GB storage, Dual SIM - Factory Unlocked Phone - Glacier Silver",Asus,1,Does not work. Receiving or sending calls. Trying to return it,Negative,Performance,High,"Customer is experiencing a critical issue with the phone's performance, unable to receive or send calls."
"BLU WIN HD LTE - 5.0"" Windows Smartphone -GSM Unlocked - Yellow",BLU,1,"***UPDATE***Pass this phone up! I got it november 18th, well on February 5th, it bricked...turned itself off and will not power on again. I tried the hard reset, the soft reset, hooking it to my windows 10 computer...it says there's something wrong with it...well obviously! Same thing happened last week, but I was able to recover, then the battery went from 100% to 27% in the 20 minutes it took to commute to work...not in use and the battery saver was turned on. Battery life was good at first, then turned into a joke. This phone is such a disaster and a waste of money. Get an android, or a Nokia Lumia, the Win HD is crap.",Negative,Battery,High,Customer experienced phone bricking and battery drain issues.
Apple iPhone 5c 32GB - Unlocked - (Yellow),Apple,5,Great product,Positive,Others,Low,Customer praised the product.
"Samsung Galaxy S6 Edge SM-G925 Unlocked Cellphone, International Version, 64GB, White",Unknown,4,I was worried my new phone would be a dud but as of right now I'm happy with my purchase. The company was on point with shipping and delivery so no issues there.The phone came in a seal box with no evidence of tampering. I'm happy with that. I'm Sodom in the process of getting to know the phone but so far no issues with the user interface. The colors are really sharp and the resolution is excellent. Samsung smart switch app allowed me to transfer all my info from my S4 to my S6 edge in and in approximately 10 minutes I was up and running with no issues.In the 2 days that I've had the phone it had sustained one fall from a 2 feet surface (my heart sank) but I'm happy to report that she is still functioning optimally.She feels nice and compact in my hand although the sleek shape makes it feel like she might slip out of my hand. I chalk it up to me getting accustomed to her shape and I'm upgrading from the S4 ActiveMy only concern is the battery doesn't seem to last very long. I us my phone a lot and I've had to chate her up at least twice a day. Thank God she came with a fast charge charge.,Positive,Performance,Low,"Customer praised user interface, colors, and resolution, but mentioned battery life as a concern."
"ZTE Axon Pro Factory Unlocked Phone, 64 GB Phthalo Blue (U.S. Warranty)",ZTE,5,"The reason I bought the Axon is because I like changing between different carriers.The Axon comes unlocked to use on any GSM carrier. The camera on this phone is much better than my brother's I Phone. There are so many options inside the camera menu. I really like that the Axon is made out of aluminum too. It looks and feels good. The Quad HD LCD is very clear, and the battery easily lasts all day.",Positive,Camera,Low,Customer praised camera quality and features.
"HTC 8X Unlocked Smartphone C620E, 16 GB, Blue",HTC,3,many problems with the SMS used Movistar (Venezuela),Negative,Network,High,Customer experienced problems with their network provider.
Samsung Galaxy J1 Mini LTE 8GB (2016) J105M Dual Sim Unlocked Phone - Retail Packaging (Gold) - International Version,Samsung,1,"No flash as described. Returning after that point and didn't make it past the initial charge to see how it functioned. Although, noticed it was in a different language.",Negative,Camera,High,"Product did not match description, had issues with initial charge, and was in a different language."
Samsung Galaxy S5 Mini G800F 16GB 4G LTE Unlocked GSM Android Phone - Gold,Unknown,5,I really like this phone. Phones seem to be getting bigger while this one is the perfect small size. So far it is working great.,Positive,Others,Low,Customer praised the phone's size and functionality.
Sony Xperia M4 Aqua 16GB GSM/LTE Unlocked Cell Phone - Black (U.S. Warranty),Sony,5,It's worth the moneyNice look & speedyI love it,Positive,Others,Low,Customer praised the product overall.
"BLU Dash M - 5.0"" Smartphone - US GSM Unlocked - White",BLU,1,"I loved the idea of being able to purchase an affordable phone from someone other than a cell phone provider in attempt to get around the ATT scam of the ""Next"" plan which is basically a rent to own program resulting in the customer paying $400-$500 dollars for older out of date phones. So I bought 2 of these phones for my parents, the phones look good and are fairly easy to use. Unfortunately they do not work, many times a day fail to receive either phones calls or text messages. The person calling is immediately directed to voicemail and the person using the phone is completely unaware that someone is trying to contact them. What makes it worse is the person using the phone can call or text fine, so they think the phone is functioning normally. The only way to correct the problem is to reboot the phone. When you reboot the phone you see you missed phone calls and text messages. This issue is happens multiple times per day. We have tried every thing we can to correct the problem including software updates and new sim cards. Both phones are having this issue so I feel pretty confident it is a phone issue. Additionally, ATT either will not or can not help you troubleshoot the problems, they treat you like a second class citizen because you dare to buy a phone from someone other than them.",Negative,Performance,High,"Customer experienced frequent call and text message failures, requiring phone reboots to resolve."
"Apple Iphone 4 - 8gb Sprint (CDMA) White, Smartphone, in box with all the accessories, clean esn!!",Unknown,5,I purchased this phone for my 14 year old and he loves it. Great condition!We have no complaint/issues. Thanks,Positive,Others,Low,Customer praised the phone and had no complaints.
Apple iPhone 7 Unlocked Phone 128 GB - US Version (Black),Apple,1,This is fake phone not the original iPhone 7 I don't recommend it for anyone don't waste your money .,Negative,Product Quality,High,Customer claims the product is fake and not the original iPhone 7.
"ASUS ZenFone 2 Unlocked Cellphone, 64GB, Black (U.S. Warranty)",Asus,5,Received package based on projected dates.Happy with the purchase.,Positive,Delivery,Low,Customer is satisfied with the delivery and purchase.
HTC Droid Incredible Verizon CDMA Phone - Black,HTC,5,It was just what I was looking for. Thanks.,Positive,Others,Low,Customer was satisfied with the product.
"Apple iPhone 5c AT&T Cellphone, 16GB, White",Apple,5,Bought this for my daughter as a gift. She loves it. Looks and operates like new!,Positive,Others,Low,Customer praised the product as a gift and mentioned it looks and operates like new.
"OtterBox Protective Defender Case for Apple iPhone 5, iPhone 5s, and iPhone SE - White/Pink (Retail Packaging)",OtterBox,5,"My son loves this case and has dropped his phone many times. This Vargas literally saved the phones life. You don't need extended warranty or insurance plan with this case. Also, fast delivery",Positive,Accessories,Low,Customer praised the protective qualities of the case and fast delivery.
Apple iPhone 5s 32GB (Gold) - Verizon Wireless,Apple,5,"so far so good...the phone is in very good condition, i like it...",Positive,Product Quality,Low,Customer praised the phone's condition and overall satisfaction.
"Samsung Galaxy Note4 Edge SM-N915F Factory Unlocked Cellphone, International Version, 32GB, Black",Samsung,5,Amazing device!!! really worth it!!!!!!!!!,Positive,Others,Low,Customer praised the device overall.
"BLU Studio 5.0 C HD Unlocked Cellphone, Black",BLU,5,Love this phone and bought a second one! It came very quickly too!,Positive,Others,Low,Customer praised the phone and the delivery speed.
BLU Studio C Super Camera -Unlocked Smartphone - US GSM- Orange,BLU,5,Great Phone!!,Positive,Others,Low,Customer expressed general satisfaction.
"Samsung Galaxy S5 SM-G900A GSM Unlocked Cellphone, 16GB, Black",Samsung,5,The S5 was all I expected and more having come from a Motorola Bravo.,Positive,Others,Low,Customer was satisfied with their purchase.
"BLU Life Play Unlocked Dual Sim Phone with Quad-Core 1.2GHz Processor, Android 4.2 JB, 4.7-inch IPS HD Display, 4G HSPA+ up to 42Mbps and 8MP Camera (Blue)",CT-Miami LLC,2,"I WENT TO CHARGE MY PHONE AND IT JUST KEPT DRAINING THE BATTERY, TO MAKE A LONG STORY SHORT ITS BROKEN AT THE CONNECTOR -JUST LIKE ANOTHER BUYER HAS WROTE IN THEIR REVIEW.Well taken care of in the last 2 weeks and now its nonworking.I can get it to charge exactly like the last person who had this wrong by having the device low and plug in and cable higher making it connect. So another review gone sour.Have used many diffrent brands of Android phones in the past and this measures up to the best of the name brands and their so called Flagships.Memory card to expand max of 32gig with a total max of 36 gigabites in the phone.Phone has Jelly Bean which is the newest operating system of android and updates and has no BLOATWEAR. I repeat no programs that are unwanted and slow down the system like all other carrier branded.This phone also offers bluetooth 4 which is the newest!!The phone can be Rooted but do not know if that term of service by doing so. The phone can also play Netflix,huluplus,crackle and other streaming services and can connect easily to windows operating systems for transfer of songs,shows,pictures,documents.Just alittle info that I didnt read on other reviews.",Negative,Battery,High,Customer experienced battery draining and a broken connector.
"BlackBerry 8520OEMRED Gemini 8520 Unlocked Phone with 2 MP Camera, Bluetooth, Wi-Fi--International Version (Red)",BlackBerry,3,the phone is DEFINITELY NOT *new*; newly refurbished maybe. there is a BIG scratch on the lower right hand of the case!! AND it had the logo and name of a major wireless company.,Negative,Product Quality,High,"Customer received a refurbished phone with a scratch and a logo of a major wireless company, indicating it's not new."
"Apple iPhone 6 128GB Factory Unlocked GSM 4G LTE Smartphone, Gold (Certified Refurbished)",Unknown,3,Wondering why the iPhone that I bought without mic cable,Negative,Accessories,Low,Customer is missing a mic cable with their iPhone purchase.
Samsung Galaxy Note 4 N910A 32GB Unlocked GSM 4G LTE Smartphone Black,Samsung,2,"It was advertised as NEW phone, but the one that was delivered was USED. Scratches on the camera lens. Sticky dirt accumulated on the camera flash collar and receiver speaker clearly indicates its USED product. Back cover does not snaps tightly on the body, leaving back cover loose and flimsy on the body.",Negative,Product Quality,High,"Customer received a used product with scratches on the camera lens, sticky dirt on the camera flash collar and receiver speaker, and a loose back cover."
Samsung Galaxy S Duos GT-S7562 GSM Unlocked Touchscreen 5MP Camera Smartphone White,Samsung,5,"I'm very happy I get the phone as expected, met with the delivery time are very responsible seller, my thanks I'm pleased.",Positive,Seller Experience,Low,Customer praised seller's responsibility and delivery time.
BLU Studio 7.0 II -Unlocked Smartphone - US GSM - Grey,BLU,5,This unit arrived as promised Amazon has great track record. It has lived up to all as promised. One note make sure your service provider can service the tablets. Our original choice for carriers did not offer a plan but we're able to got one with great service plan and area coverage.,Positive,Others,Low,Customer praised overall experience and service provider compatibility.
BLU Dash L Unlocked Smartphone - US GSM - Black,BLU,4,Good,Positive,Others,Low,Customer praised the product.
"Samsung Galaxy S7 G930F Factory Unlocked Phone, 32 GB - Internationally Sourced (EU/LATAM) Version - White",Samsung,5,'Twas a very good phone. I bought as a gift for my Girlfriend.,Positive,Others,Low,Customer praised the phone as a good gift.
"Samsung Galaxy J7 J700M, 16GB, Dual SIM LTE, Factory Unlocked - Black (International Version)",Samsung,4,This is a great all-round phone. I liked buying it online at Amazon because I could take my time and do some real comparison shopping before I made my choice.,Positive,Others,Low,Customer praised overall experience and shopping process.
"Samsung Galaxy Note 3 N9005 Unlocked Cellphone, International Version, 32GB, Black",Samsung,5,Its amazing just wish i had that 4g lte but besides that its a great phone good job you guys,Positive,Performance,Low,"Customer praised phone performance and battery life, but mentioned a missing feature."
"Samsung Galaxy J7 J700M, 16GB, Dual SIM LTE, Factory Unlocked - Gold (International Version)",Samsung,4,Very good phone,Positive,Others,Low,Customer praised the phone overall.
"POSH MOBILE LYNX GSM UNLOCKED DUAL SIM 1.8"" GSM FEATURE PHONE with simple BAR style design, FM Radio, flashlight, Bluetooth and 1.3MP Camera. 1 Year warranty. (Model#: A100 BLACK WHITE)",Posh Mobile,5,Recommended seller.Immediate despatch.As it described in the publication.Unlocked.,Positive,Seller Experience,Low,Customer praised seller's service and immediate despatch.
Samsung Galaxy S6 Edge G925i 32GB Unlocked GSM LTE Octa-Core Phone w/ 16MP Camera - Gold Platinum (International Version),Samsung,5,Great phone! Delivered as promised!,Positive,Delivery,Low,Customer praised delivery experience.
"Samsung Galaxy J5 SM-J500H/DS GSM Factory Unlocked Smartphone, International Version (Gold)",Samsung,5,i bought 2 of them for different persons and they love them. no complaints,Positive,Others,Low,Customer is satisfied with the product and has no complaints.
"Apple iPhone 5s AT&T Cellphone, 16GB, Silver",Apple,5,my wife like it,Positive,Others,Low,Customer expressed general satisfaction.
"BlackBerry Bold 9780 Unlocked Cell Phone with Full QWERTY Keyboard, 5 MP Camera, Wi-Fi, 3G, Music/Video Playback, Bluetooth v2.1, and GPS (Black)",BlackBerry,2,"misleading advertising brings say the phone camera 5 mp and it is not so, nor bring any camera this model so I do not recommend it for anything this product or your dealer",Negative,Camera,High,Customer is unhappy with the camera quality and feels misled by advertising.
"Samsung Galaxy S5 G900F Unlocked Cellphone, Retail Packaging, 16GB, Blue",Samsung,5,"This phone is great, I bought an iPhone 6 as well and now I'm hooked on the Samsung S5 not knowing if I wanna use the iPhone again!!!!!",Positive,Others,Low,Customer is extremely satisfied with the product and is now considering it over another brand.
Apple iPhone 5c 32GB (Blue) - AT&T,Apple,4,"I was cautious about ordering a phone from a second party like this, but I was very pleasantly surprised at the service and the quality of the phone. The phone is very nice. There are no scratches anywhere. It works perfectly. I was also contacted by the company about a week after I received the phone just to be sure that it was received fine. They were very professional. I have recommended them to my friends.",Positive,Seller Experience,Low,Customer praised seller's service and quality of the phone.
"Lenovo A916 8GB Black, Dual Sim, 5.5 inch, Unlocked International Model, No Warranty",Lenovo,4,Media audio is too low. Had some issues with YouTube but installing an older version fixed the problem.,Negative,Performance,Medium,Customer experienced issues with media audio and YouTube.
"LG G3 D855 Factory Unlocked Cellphone, International Version, 16GB, Black",LG,4,"Great speed, great camera, very goof display. Good battery life.Big, but you get used to it in a couple of days..I liked better having an actual button on the front (like in galaxy), but i got used ti the tapping system fairly quickly.",Positive,Performance,Low,Customer praised speed and performance.
Samsung Korea SAMSUNG GALAXY S4 MINI GT-i9195 LTE 8GB- FACTORY UNLOCKED International Version - Unlocked Cell Phones - Retail Packaging - White(NO WARRANTY),Samsung,5,The phone is Excellent!!!!!!!!,Positive,Others,Low,Customer praised the phone overall.
Nokia Lumia 920 32GB Unlocked 4G LTE Windows Smartphone w/ PureView Technology 8MP Camera - Black,Unknown,5,ok,Positive,Others,Low,Customer gave a brief positive review.
"Apple iPhone 5c AT&T Cellphone, 16GB, Blue",Apple,5,Got it for my sister because she needed a new phone. Her iPhone 4 had lag especially on iOS 7. It made me cry how slow her phone was. The iPhone 5C was a perfect replacement. Fast and reliable. She runs up the bill like crazy now.!!,Positive,Performance,Low,Customer praised the phone's performance as fast and reliable.
Apple iPhone 6 16GB Gold (Verizon Wireless),Unknown,1,"After spending 4 HOURS AT VERIZON on my day off trying to activate this phone, only to find out from Apple and Verizon that this phone is an AT&T Iphone 6. I am so beyond angry. Ruined my Saturday. Thanks a lot. Sending it back NOW",Negative,Seller Experience,High,"Customer had a poor experience with seller (Verizon) and Apple, resulting in wasted time and a ruined Saturday."
BLU Dash JR W D141w Unlocked GSM Dual-SIM Android Cell Phone - White,BLU,3,Dont have any space for the aplications,Negative,Others,High,Customer is unhappy with the product's design or packaging.
"Samsung Galaxy S4 SGH-I337 Unlocked GSM Smartphone with 13 MP Camera, Touchscreen and 16 GB Storage, Black",Samsung,4,Good,Positive,Others,Low,Customer praised the product.
Samsung Galaxy S Duos GT-S7562 GSM Unlocked Touchscreen 5MP Camera Smartphone White,Samsung,5,buen telefono,Neutral,Others,Low,Review is in Spanish and does not provide specific details about the product.
Nokia Lumia 920 32GB Unlocked GSM Windows 8 Smartphone w/ Carl Zeiss Optics Camera - Yellow,Nokia,5,It is great to handle and beautiful to look at.I love every aspect of it.I will order another one for my wife.,Positive,Others,Low,Customer praised overall product experience.
HTC Desire 626s LTE 8GB - Factory Unlocked,htc,5,This is nice phone sexual,Positive,Others,Low,"Customer mentioned the phone is nice, but the context is unclear."
VERIZON LG OCTANE CELL PHONE!,LG,1,Was nowhere near new... Buttons worn to the point where you couldn't see the characters VERY DISAPPOINTED. Will not buy from them again!,Negative,Product Quality,High,Customer was very disappointed with the product's condition and quality.
Plum Ram - Unlocked Rugged Phone - Tough Durable IP67 - Water Shock Proof GSM (Orange),Plum,5,"Got this for my brother who works in construction, he loves it.",Positive,Others,Low,Customer praised the product as a gift for their brother.
Samsung Galaxy S6 Edge Plus G928C 32GB Unlocked GSM 4G LTE Octa-Core Smartphone w/ 16MP Camera - Gold Platinum,Samsung,5,Great phone!,Positive,Others,Low,Customer praised the phone overall.
OtterBox Iphone 5/5S/SE Defender Case w/ Drop and Dust Proctection - Realtree AP Pink,OtterBox,2,not a good case. Was not sturdy and felt like it would break with very little use. Was glad I could return it.,Negative,Product Quality,Low,Customer was not satisfied with the product's sturdiness and quality.
OtterBox 77-29864 Defender Series Hybrid Case for Samsung Galaxy Note 10.1 - Retail Packaging - White (2012 Version),OtterBox,5,Best case you can buy but the price dropped alot after i bought it.,Negative,Price,Low,Customer felt the price dropped significantly after purchase.
Samsung Galaxy S II Skyrocket I727 16GB Unlocked GSM 4G LTE Smartphone - Black,Samsung,1,"the phone supposed to be a new phone but it is a refurbished phone with a dead battery,no headset,no user guide the charger wasn't even a original samsung charger.When I try to charge the phone it just gets real hot but it don't charge.This is the worst service I ever got from Amazon.I want my money back",Negative,Product Quality,High,"Customer received a refurbished phone with a dead battery, missing accessories, and a non-original charger, and experienced overheating issues."
Sony Xperia Z5 Compact E5823 2GB/32GB 23MP 4.6-inch 4G LTE Factory Unlocked (CORAL RED) - International Stock No Warranty,Sony,5,"Long story short: this is the phone that finally convinced me to make the jump from Apple's iOS. I had been considering making the jump for some time, but I had yet to find an Android phone that matched the build quality and performance of my iPhone 6S. The z5 Compact finally did convinced me.Pros:+ Same size screen as the iPhone 6S, despite being smaller and lighter.+ Excellent build quality - the phone feels premium, solid and well made. I don't worry about anything breaking if I drop it once or twice.+ Waterproof!+ Very little manufacturer bloatware, especially compared to Samsung or LG. Among other things, this means that future Android updates will hit this phone sooner than many other Android devices.+ I actually most of the bloatware that's included. Sony's launcher is fast and responsive - I'm actually using it instead of the official Google launcher.+ Camera is high quality.+ Better battery life than my iPhone 6s+ Fingerprint scanner+ Plenty of processing power - I haven't yet seen the phone slow down or choke on any app I've thrown at it.Cons:- Cases options for this phone in the U.S. are limited when compared to the dancing plethora of iPhone cases that flood every electronics store, website, gas station and grocery store.- Because this is the international version of the phone, there's no warranty- Because this is the international version of the phone, some apps think I'm in Ireland. I'm sure a simple setting could easily change this, but I haven't yet found it.- Fingerprint scanner doesn't work as well as iPhone 6S (though it's still good). I think this is mainly due to the fact that the scanner is smaller than the iPhone scanner, so it has less to work with.Overall, I've found this phone to be the perfect fit for me. It really hits the sweet spot of combining the power, battery life, screen size and non-bloated OS that I've been looking for.",Positive,Performance,Low,"Customer praised the phone's performance, battery life, and build quality."
"""Nokia Asha 302 Unlocked GSM Phone with 3.2MP Camera, Video, QWERTY Keyboard, Wi-Fi, Bluetooth, FM Radio, SNS Integration, MP3/MP4 Player and microSD Slot - White International Version/Warranty",Nokia,5,THIS IS A SOLUTION IF YOU WANT YOU ARE LOOKING FOR ECONOMIC AND NOT VERY SOPHISTICATED. YOUR PRICE IS A GOOD CHOICE FOR THE PRODUCT THAT RECEIVE.rECOMMEND IT,Positive,Others,Low,Customer praised the product's value for money and recommended it.
Apple iPhone 5 64GB (White) - Verizon Wireless,Apple,2,This phone had information on it from the previous owner and it was very disturbing when I was told it was from Apple but it had a fry brothers box and item number.,Negative,Others,Low,Customer was misled about the phone's origin.
"Samsung Galaxy S3 SCH-I535 Verizon Phone, 16GB, Marble White",Samsung,5,S*** works,Positive,Others,Low,Customer mentioned a positive experience with the product.
Samsung Galaxy Rugby Pro 4G LTE I547 Unlocked Android Ruggedized Smart Phone,Unknown,3,"It is/was unlocked and all but it carries a ton of AT&T crap you can't get rid of. Having said that....I paid about 1/3 of what a clear unlocked one might have cost, so I have to balance that all out.",Neutral,Others,Low,Customer mentioned a trade-off between price and AT&T bloatware.
"LG Optimus Factory Unlocked Gsm Android Phone L7 P705, Black",LG,5,"Great price, I bought it for Ecuador works perfect",Positive,Price,Low,Customer praised the price.
BlackBerry Curve 9300 3G Unlocked GSM Smartphone w/ 2MP Camera - Red,BlackBerry,1,"it sounds very low when ringing even if you are using the loud profile, it doesnt feels like a new item. so avoid it anyway is a waste of money",Negative,Performance,High,Customer experienced poor performance and felt it was a waste of money.
"LG Thrill 4G P925 Unlocked GSM Phone with 3G, Dual Core, Android 2.3 OS, Dual 5MP Camera, GPS, Wi-Fi, Bluetooth and microSD Slot - Black - AT&T - No Warranty",LG,5,exelent phone good deal!,Positive,Others,Low,Customer praised the phone and the deal.
LG G3 D855 32GB LTE Unlocked GSM Android Smartphone - Silk White - International Version No Warranty,LG,2,"the phone it self is fine...trouble is with the firmwareits the TWN model so its firmware has some issuesmain one is having an outdated LTEconfig,apk file which may prevent you from getting LTE from your service provider.very annoying",Negative,Performance,High,"Customer experienced issues with firmware, specifically outdated LTE configuration, preventing LTE connectivity."
Samsung Galaxy J5 SSJ500MGD Factory Unlocked Dual Sim Smartphone - International Version (Gold),Samsung,5,My in laws love it. Great phone.,Positive,Others,Low,Customer praised the phone overall.
"Nokia E71x Unlocked Phone with QWERTY Keyboard, 3.2 MP Camera and Dual-Band 3G (Black)",Nokia,4,I purchased this a few weeks ago and its very easy to use. No problems so far. Has all the features needed.,Positive,Others,Low,Customer praised the product's ease of use and features.
"Unlocked Dual SIM Branded Android 4.4 Dual Core Smartphone (White) - Decent 3.5 Inch Multi-touch Display GSM 2G Wifi Mobile Phone, Original without Contract",Unknown,1,Bad didn't last,Negative,Battery,High,Product didn't last.
BLU Life XL - LTE Smartphone - GSM Unlocked - 8GB +1GB RAM - Dark Blue,BLU,5,Nice phone,Positive,Others,Low,Customer gave a positive review but did not specify an issue.
"ZTE F160 Unlocked GSM Phone with 3G, GPS, 3MP Camera, Music Player, Bluetooth and microSD Slot - Black",ZTE,5,"it's what I had before I got an iphone, now it's a spare",Neutral,Others,Low,Customer used the product as a spare.
"Samsung Galaxy Note 3 Neo N750 Unlocked GSM Smartphone - International Version, No Warranty (Black)",SAMSUNG,4,I love my phone it works great. I just put in my simple card & good to go.,Positive,Performance,Low,Customer praised phone performance.
BLU Studio 5.0 C HD Smartphone - Unlocked - Yellow,BLU,5,Excelente,Positive,Others,Low,Customer praised the product.
"HTC One M8 3G, 4MP, 32GB, QHTC One M8 Unlocked International Version - 32GB - grey",HTC,1,"Never buy international warranty phones from amazon. Had a terrible experience and learned it a hard way. I bought a HTC M8 from WCE Distributors on October 2015. The invoice did not have serial number or IMIE number, which generally is there whenever you buy it from ATT, Sprint, Best buy etc.Well the phone's screen stopped working (blacked out) after 3 months.When I called HTC they said they need Serial number or IMIE number to provide support/troubleshooting.I reached out to WCE distributor earlier this year earlier this year for serial number/IMIE number, but they plainly refused.Somehow I was able to find it serial number by connecting it to a laptop. I called HTC now they are telling the device is actually sold on 25th June to someone in Hongkong and I need to call Hangkong numbers to get support. It is ridiculous and total system failure.My conclusion is don't buy phones from Amazon in case you are counting on manufacturer warranty or any kind of support, in 99% cases you will be on your own. 1% I am leaving out for some fortunate ones :)",Negative,Seller Experience,High,"Customer had a terrible experience with international warranty phones from Amazon, including issues with seller WCE Distributors and manufacturer HTC."
Blackview Ultra A6 Phone MTK6582 Quad Core 1GB 8GB 4.7 Inch Back Touch (Black),Unknown,4,"I love the IOS setting , the camera is not what i thought it would be tho. To go back on the IOS setting , you have to have the grey quicktouch setting on. those 2 things were the only downfalls. the camera is a big disappointment but the phone overall is amazing.",Positive,Camera,Low,Customer mentioned camera as a disappointment but overall praised the phone.
"Pantech Pocket P9060 Unlocked GSM Phone with Android 2.3 OS, Touchscreen, 5MP Camera, Video, GPS, Wi-Fi, SNS integration, MP3/MP4 Player and microSD Slot - Gray",Unknown,3,I liked the phone just fine until the battery died within a few months of owning this phone. I had to literally Phone was great while it lasted though the battery life left much to be desired.,Negative,Battery,Medium,Customer experienced battery failure within a few months of owning the phone.
"HTC myTouch 3G Unlocked Android Phone with 3G Support, GPS, and Touch Screen - US Warranty - White",HTC,2,"I couldn't activate the phone, becasuse it was locked. The product look ok, but I COULD NOT USE it. The message could be a lie.",Negative,Product Quality,High,Customer experienced issues with product functionality.
Samsung Galaxy S7 Edge Factory Unlocked Phone 32 GB - International Version G935F- Platinum Gold,Unknown,5,Me enamore del teléfono,Neutral,Others,Low,"Review is a statement of affection for the phone, but does not specify any issue."
Apple iPhone 5c 8GB (Yellow) - Verizon Wireless,Apple,5,I Love My Phone Works Perfectly Not One Problem.,Positive,Performance,Low,Customer praised phone's performance.
BLU Dash 5.5 - Unlocked Cell Phones - Retail Packaging - Grey,BLU,5,"I bought this phone for my mum she really loves the size of the phone .she stay on facebook, whatup you name it",Positive,Others,Low,Customer praised the size of the phone.
"BLU Studio 5.0 HD Unlocked Cellphone, White",BLU,4,Nice phone -with state of the art features.,Positive,Others,Low,Customer praised phone features.
"Samsung Galaxy S6 SM-G920i Factory Unlocked Cellphone, 32GB, Blue INTERNATIONAL VERSION NO WARRANTY",samsung,4,Is good,Positive,Others,Low,Customer praised the product.
"Apple iPhone 6 Plus 128GB Factory Unlocked GSM 4G LTE Smartphone, Space Gray (Certified Refurbished)",Unknown,5,"I love this phone! I've wanted an upgrade for a long time, but I was concerned about purchasing a used or refurbished one. I finally but the bullet and decided to take the chance and trust. Everything from ordering was easy and smooth and I had it in my hands in two days! Not a scratch on it and it works perfectly. Thank you Square Trade!",Positive,Seller Experience,Low,"Customer praised seller experience, ease of ordering, and quick delivery."
HTC One M7 32GB Unlocked GSM 4G LTE Android Cell Phone - Black,HTC,5,The best HTC one by far!,Positive,Others,Low,Customer praised the product.
Moto G Plus (4th Gen.) Unlocked - White - 16GB - U.S. Warranty,Motorola,5,Excelent product at a great price.Thank you,Positive,Others,Low,Customer praised product and price.
"Nokia C3-00 Unlocked Cell Phone (Slate) with QWERTY, Dedicated E-mail Key, 2 MP Camera, Media Player, WLAN, and MicroSD Slot",Nokia,1,"If I can rate this defective cell phone with Zero Star, I would give it Zero-star, but I think my only option is to rate it 1-star. Just like the Prior Unhappy Buyer of this Same device did a few months ago, I have to return this crappy cell phone to the UPS store tomorrow morning (Jan 6, 2012) for a 100% refund. I'll explain below how I know there is a Prior Unhappy Buyer of this defective Cell Phone.Today (Jan 5, 2012), I'm extremely disappointed about 5 minutes after I opened the package. First, I noticed a PRIOR UNHAPPY BUYER returned this piece of crap, defective cell phone in October 2011 (just a few months before me). The ""Return due to Defective Product"" notice dated in October 2011 was still attached to the package sent to me. The seller is Warehouse Deals, Inc which is a subsidiary of Amazon. The seller Warehouse Deals, Inc must be thinking that if the Nokia C3-00 is defective in one unhappy buyer's eyes, it must not be defective in the next buyer's eyes. HELLO! Defective is defective - it means internally mal-functioning, it's not merely external/superficial beauty in the eyes of the beholder.I have owned several older Nokia cell phone models, so I began testing several functions. Immediately, I noticed that the Right and Left Key (just above the alpha & numeric keyboards) are not responsive when I try to select on-screen options. The only time the Right key works is when switching on/off the device. I gave my benefit of the doubt by pressing the key at different strength: hard, medium and soft, but nothing worked. Then I immediately went to online chat with Nokia online support to explain my problems with this device. The Nokia online support confirm what I know about Nokia devices from my own experience, that it is NOT normal for the Right and Left Key not to be responsive to on-screen selections (in other words, I wouldn't need to press more than 1 key to pick on-screen selections). On all my prior Nokia cell phone, you only need to press 1-key (either the Right or Left key to select your on-screen option).I've had a string of bad luck ordering this Nokia C3-00 unlocked cell phone (a very long story, prior to receiving this defective cell phone, I made at least 3 telephone complaints about an Amazon Rep. called Amit Y. who made unauthorized cancellation on 2 good, valid and in-stock orders without my permission. This is really testing my patience on purchasing electronic devices from Amazon. I am totally disappointed with this device and I will return this crappy defensive cell phone at the UPS store tomorrow morning for a refund.",Negative,Performance,High,"Customer experienced unresponsive keys and defective product, leading to a return for a refund."
HTC DROID INCREDIBLE ADR 6300 3G Android Phone Black (Verizon Wireless),HTC,5,Only limitation is 3G and short battery life. An extended battery with cover is available and recommended. Very compact size.,Negative,Battery,Medium,Customer mentioned short battery life as a limitation.
LG G Vista 4G Unlocked 4G LTE Android 8MP Camera Smartphone w/ Quad-Core CPU - Black,LG,5,I admire it very well ...,Positive,Others,Low,Customer expressed admiration for the product.
Apple iPhone 6s 16 GB US Domestic Warranty Unlocked Cellphone - Retail Packaging (Space Gray),Apple,5,"Very speedy service. The phone arrived and was as advertised. I have been quite pleased thus far, and would recommend the seller.",Positive,Seller Experience,Low,Customer praised seller's service and product as advertised.
"CNPGD [U.S. Office Extended Warranty] Smartwatch + Unlocked Watch Cell Phone All in 1 Bluetooth Watch for iPhone Android Samsung Galaxy Note,Nexus,htc,Sony Silver",CNPGD,2,Same thing here I had to first download several manuals from web site none them were right one but from reading all of them I was able to make some progress. I figure it out,Positive,Others,Low,Customer was able to resolve issue with product despite initial difficulties.
"BLU VIVO 5 Smartphone -5.5"" 4G LTE GSM Unlocked - 32GB +3GB RAM - Gold",BLU,5,Much better the i expected,Positive,Others,Low,Customer was satisfied with their purchase.
BLU Studio 5.0 C HD Smartphone - Unlocked - Orange,BLU,5,i love it,Positive,Others,Low,Customer expressed general satisfaction.
Studio 7.0 LTE - Smartphone - GSM Unlocked - Gold,BLU,5,It is a good phone,Positive,Others,Low,Customer praised the phone overall.
"Samsung Galaxy S7 Unlocked PhoneDual Sim Factory 32 GB Internationally Sourced (Middle East/Afican/Asia) Version G930FD,(Titanium Silver)",Samsung,1,"this thing does not work on US AT&T LTE. per AT&T support said, ""This would be a hardware issue"" & ""the fastest speed is going to be 4G"". this device is LTE enable, but AT&T US cannot do anything with it. not sure about other carriers in US.",Negative,Network,High,"Customer experienced network issues with AT&T LTE in the US, and was told it's a hardware problem."
BLU Energy X Plus Smartphone - With 4000 mAh Super Battery- Global GSM Unlocked - Grey,BLU,4,The phone is good but the camera quality is not,Negative,Camera,Low,Customer mentioned poor camera quality.
Apple iPhone 5s 32GB (Gold) - AT&T,Apple,5,Great phone. Came in better condition than described. No complaints.,Positive,Others,Low,Customer praised overall experience and condition of the phone.
"POSH MOBILE OPTIMA 4G LTE ANDROID GSM UNLOCKED DUAL SIM 5.0"" HD SMARTPHONE Fingerprint ID technology, 13MP camera and 16GB of Storage. 1 Year warranty. (Model#: L530 BLACK)",Posh Mobile,1,Loud speaker never worked & now screen becomes scrambled occasionally. I never dropped it. It is a dual Sim but if u decide to use to Sims u can't use a memory card (1sim + 1 memory card) OR (2sims + NO memory card) That's how they fit. Now I have to pay like US$60 to ship back a phone that cost $170bucks. Talk about unfair,Negative,Display,High,Customer experienced screen issues and is unhappy with the shipping cost to return the product.
Apple iPhone 5c 8GB Unlocked GSM Smartphone w/ 8MP Camera - Green,Apple,5,The product looks new! The only thing I was a little bit happy with was that they came without headphones!,Positive,Others,Low,Customer praised the product's condition and was happy with the included accessories.
Lenovo A916 4G Unlocked Smartphone (gift-8GB TF Card) 5.5 inch Android 4.4 MT6592M+6290 Octa 8 Core 1.4GHz 1GB 8GB 13MP Dual SIM FDD-LTE & WCDMA & GSM (Black+ 8GB TF Card),Lenovo,2,"Bought this Lenovo A916 and was excited over the specs and the price. GSM signal drops, poor reception. Not satisfied with the product and just gave it away.",Negative,Network,High,Customer experienced poor GSM signal and reception.
Nokia Lumia 920 32GB Unlocked GSM Windows 8 Smartphone w/ Carl-Zeiss Optics Camera - White,Unknown,5,"Lumia 920 operates still as a top notch, even after 2 years of it's launch. My friends liked my current lumia 920 and ordered 2 new units for my friends.",Positive,Performance,Low,Customer praised the phone's performance even after 2 years.
Samsung Galaxy J3 SM-J320M 8GB Unlocked GSM 4G LTE Quad-Core Super Amoled Smartphone w/ 8MP Camera - (White),Samsung,5,"GOOD QUALITY PHONE, LOTS OF FEATURES, AND GOOD PRICING ON AMAZON. GOT FOR MY SONS - NOT MUCH DIFFERENT FROM MY S6!",Positive,Product Quality,Low,Customer praised product quality and features.
BLU Studio C Super Camera -Unlocked Smartphone - US GSM- Pink,BLU,5,"I love this phone. I am female, so it's just the right size for my hand. The processor is very fast. The phone doesn't lag at all...its lightening fast. I do love some of the features of lollipop vs. kit kat. I think one of my favorites is that notifications appear above the lock screen on a bar and each one can be swiped away or clicked on individually. Great phone for the price.",Positive,Performance,Low,Customer praised processor speed and overall performance.
LG G3 D851 32GB Unlocked GSM 4G LTE Quad-HD Android Smartphone w/ 13MP Camera - Metallic Black (Certified Refurbished),LG,5,"Received my LG G3 T-Mobile phone refurbished by MyWit, and am very impressed with the quality of the phone. It looks brand new and works as described. I have a premium phone with 3gb memory, 32gb internal storage and a 2+ ghz processor for the price of a new low-end phone. Very happy with my purchase and would trust MyWit with my next refurbished phone purchase!",Positive,Product Quality,Low,Customer praised the quality of the refurbished phone.
"Motorola RAZR V3 Unlocked Phone with Camera, and Video Player--International Version with No Warranty (Black)",Motorola,5,"I was tired of my Nokia E62 and its multifunctions and relatively high weight. I decided to buy a simple, not do-all cellular phone. I went back in time and I ordered a new Motorola V3 and was pleased to receive a brand new phone with a new battery. Delivery on time as promised.",Positive,Delivery,Low,Customer was pleased with on-time delivery of a brand new phone.
Galaxy S5 G900A Factory Unlocked Android Smartphone 16GB White,Samsung,2,The phone gets hot a lot and it won't record video when hot. The finger print reader never worked. It just says error. Other than that the phone works well.,Negative,Performance,High,Customer experienced overheating and fingerprint reader issues.
"LG K7 unlocked smartphone, 8GB Black (U.S. Warranty)",LG Electronics,5,"Great Phone, it looks nice and fairly fast. I love it..",Positive,Performance,Low,Customer praised phone's performance and speed.
HTC 8X 8GB Unlocked GSM 4G LTE Dual-Core Windows 8 Smartphone - Lime Yellow - AT&T - No Warranty,HTC,3,"Description stated - 'brand New in original retail box, Phone has Original plastic screen with all accessories have original packaging'. The phone I received was not in retail package. It was a generic htc package and the phone did not even have the plastic wrap. There was a sticker in the back of the phone. NB 08/13. Research on the internet comes up as New Breed Refurbished Phone inspected on 08/13. There is no warranty information nor user manual. I opted to buy this phone as the order was fulfilled by Amazon. The phone did not have any visible damage and so far in the past 4 days I did not have issues and the windows update went well. This is why I'm keeping this phone. There is always a disappointment when you receive the product not per the description. So buyers keep this in mind while ordering. You can easily find factory refurb models else where for around 175 or less",Negative,Seller Experience,Low,"Customer received a refurbished phone instead of a brand new one, with missing accessories and no warranty information."
"OnePlus 2 Unlocked Smartphone, 64GB Sandstone Black (US Warranty - Model A2005)",OnePlus,5,"It's a fantastic phone. I've read reviews stating that the fingerprint unlocking is slow or that the auto brightness adjustment is sluggish. I haven't found either of these to bother me. The fingerprint unlocking is very fast in my experience, and though the auto brightness adjustment takes a bit of time after the lighting conditions change, I actually perfer that. It's a gradual dimming or brightening versus a rapid brightness change, which is easier on my eyes.You may be more aware of the terms than I was, but there's a distinction between a rooted phone and an unlocked phone. This phone is unlocked in the sense that you're not stuck with a single cell phone carrier lke AT&T. However, the phone is not rooted. Unless you're specifically looking for a rooted phone it probably won't matter to you, but I figured I'd point it out since it confused me some till someone commented on my original review and pointed out the difference.",Positive,Performance,Low,"Customer praised performance, specifically fingerprint unlocking speed and auto brightness adjustment."
"BLU Studio 6.0 Unlocked Cellphone, Black",BLU,4,Can barely hear people when talking on it but otherwise a superb phone,Negative,Camera,High,Customer had issues with phone's audio quality.
Samsung Galaxy S6 Edge Plus SM-G928C 32GB Factory Unlocked - Silver,samsung,3,samsung pay is not working,Negative,Performance,High,Customer reported Samsung Pay not working.
"BlackBerry Bold 9780 Unlocked Cell Phone with Full QWERTY Keyboard, 5 MP Camera, Wi-Fi, 3G, Music/Video Playback, Bluetooth v2.1, and GPS (Black)",BlackBerry,5,"Excelent product, works excelent on 3G, the camera is pretty good so as the flash, is pretty fast..Totally recommended",Positive,Performance,Low,Customer praised product performance and speed.
Nokia 2720 S40 Unlocked Flip Phone with 1.3 MP Camera with Bluetooth--US Version with Full Warranty,Nokia,4,"As an ATT user, we ordered this unlocked phone for my husband who wanted something similar to his old Nokia, which is going on 5 years old and dying a slow death. He loves the simplicity of the phone and ease of use. It worked right out of the box, he is not a tech savvy guy and caught on right away.Unfortunately, although this phone was unlocked... it had been made for T-mobile. It will text and call, but will not send or receive photos... not matter how hard the people at unlockedcellphonekings tried to help me, it was no use.So if you have a T-Mobile chip and want a simple unlocked reliable phone for pictures, texting and calling... this is great. If you have an ATT chip and don't care about pictures... this is great. If you want to get pictures of your grandkids and have ATT... don't get it!On the upside, the phone support at unlockedcellphonekings was wonderful. They were very patient, helpful and easy to talk to. I would definitely consider using them again even though this particular phone isn't quite what we needed.",Negative,Camera,High,Customer experienced issues with sending and receiving photos due to incompatibility with their ATT chip.
Motorola Moto E (1st Generation) - Black - 4 GB - US GSM Unlocked Phone,Motorola,5,Excelente.,Positive,Others,Low,Customer praised the product.
"POSH MOBILE LYNX GSM UNLOCKED DUAL SIM 1.8"" GSM FEATURE PHONE with simple BAR style design, FM Radio, flashlight, Bluetooth and 1.3MP Camera. 1 Year warranty. (Model#: A100 BLACK / BLUE)",Posh Mobile,5,great phone for my house,Positive,Others,Low,Customer expressed satisfaction with the phone but did not specify a particular issue.
BLU Life View L110X Unlocked 5.7-Inch 16 GB 12 MP Camera Phone(Blue),BLU,5,"only problem is finding a case for it, not to many choices, other than that I am very happy with it",Positive,Others,Low,"Customer is happy with the product, but mentions a minor issue with case availability."
Samsung Galaxy Note 3 N9005 32GB 4G LTE PINK Unlocked International Version No Warranty LTE 800 / 850 / 900 / 1800 / 2100 / 2600,Unknown,5,Love the phone itself but did not work with my carrier. Wish there was a way to find that out before hand,Negative,Network,High,Customer had issues with network compatibility.
"Samsung Galaxy Exhibit 4G (T-Mobile), t679",Samsung,5,"just purchased the smartphone, have had no issues so far, even though the phone is not top of the line it's still an excellent choice for any person on a budget who does not want to get stuck with a monthly bill, has almost all the functions of a high end smartphone.",Positive,Others,Low,Customer praised the phone's value for money and functionality.
"BLU Life Pure Unlocked Phone 32GB ROM, 2GB RAM (White)",BLU,5,Excellent Smartphone,Positive,Others,Low,Customer praised the smartphone.
"Samsung Galaxy J7 SM-J700H/DS GSM Factory Unlocked Smartphone-Android 5.1, 5.5-Inch - Gold",Samsung,1,It was a great phone but I tried three different carriers and would not work.,Negative,Network,High,Customer experienced network issues with multiple carriers.
Blackberry Z10 16GB OS 10 GSM Unlocked Smartphone - Black,BlackBerry,5,it worked!!,Positive,Others,Low,Customer expressed satisfaction with the product.
OtterBox Rugged Defender Series Case w/ Holster for Apple iPhone 5/5S/SE - AP Pink,OtterBox,5,Great product! Great price!,Positive,Others,Low,Customer praised product and price.
Apple iPhone 4S 16GB (Black) - Locked to Sprint,Apple,4,"Great phone! Worked without issue for quite a while, eventually the screen stopped adjusting when I turn it on its side but whatever, it's an old phone at this point. Highly recommended!",Positive,Display,Low,"Customer mentioned a minor issue with screen adjustment, but overall recommended the phone."
Apple iPhone 5c 8GB Unlocked GSM Smartphone - Green,Apple,4,This phone is nice i just got one for my daughter but wen it came the charger didn't work I had to go buy a new one,Negative,Delivery,Low,Customer received a defective charger with the phone.
Apple iPhone 6 16GB Gold (Verizon Wireless),Unknown,5,Got here quickly and no scratches or cracks. Absolutely love it!! Thank you,Positive,Delivery,Low,Customer praised delivery and product condition.
BLU Studio C 5+5 Smartphone with Lollipop OS- US GSM Unlocked - Gold,BLU,5,So far so good. Love the video and sound quality! Fast and easy. Pictures look great but im not a picrure fanatic either. But the touch screen is hard. Have to tap multiple times. Overall well worth it for my budget.,Positive,Display,Low,Customer mentioned a minor issue with the touch screen but overall had a positive experience.
BLU Studio 5.0 C HD Smartphone - Unlocked - Yellow,BLU,5,"as it is described by the seller, the product is excellent",Positive,Product Quality,Low,Customer praised product quality as described by the seller.
Apple iPhone 5 16GB - Unlocked - White (Certified Refurbished),Apple,2,"First off I have never returned or complained about a purchase I made on Amazon, even though at times I should have. I was skeptical of purchasing a refurbished I-phone, but the price was fair, initially I was impressed, the phone looked as it was never used, arrived when it was supposed to, the phone was unlocked and activating it my service provider was easy. However the speaker does not work, meaning other than with headphones, there's no music, no alarm, and no speaker phone. Disappointed, I need this phone in a hurry so returning it and waiting for a repair or replacement defeats the entire purpose",Negative,Performance,High,"Customer is disappointed with the speaker not working, needs the phone urgently for its intended purpose."
"ECOOPRO Rugged Unlocked GSM Cell Phone (Gold) - Dual SIM Mobile Device - Shockproof, Waterproof, Dustproof - Rear Camera, Flashlight, USB Charger - 2-Week Battery Life (Gold)",Unknown,5,Excellent,Positive,Battery,Low,Customer praised battery life.
"Nokia Lumia 900 16GB Unlocked GSM Phone with Windows 7.5 OS, AMOLED Touchscreen, 8MP Camera, GPS, Wi-Fi, Bluetooth, FM Radio and microSD Slot - White",Nokia,2,"great product in everything,,but what the use of it if there is no update for its window 7.5 to window 8 ,,plus it doesnt have flash player,,the rest is perfect as a product",Negative,Performance,Medium,Customer is unhappy with lack of updates and missing features like flash player.
BLU Jenny TV 2.8 T276T Unlocked GSM Dual-SIM Cell Phone w/ 1.3MP Camera - Unlocked Cell Phones - Retail Packaging - White Blue,BLU,5,perfect!,Positive,Others,Low,Customer praised overall product.
"Samsung Galaxy Note 4 N910C Unlocked Cellphone, International Version, 32GB, Black",Samsung,1,"It stated that this phone would be new, so I'm wondering why when I booted this phone up out of the box there were previously searches on Google for ""real madred vs osasuna highlights"", ""ariana grande mac miller"" and ""justin timberlake britney spears""? Also doesn't have the standard seals the Note 4 usually comes with. Only one end of the box was sealed, allowing it to be opened without breaking the seal.Is also overheating straight out of the box.Not officially rating it 1 star, since it could just be my misunderstanding, but just leaving that rating as a placeholder until I get some answers.",Negative,Product Quality,High,"Customer found pre-existing searches on the phone, missing standard seals, and overheating issues."
CNPGD All-in-1 Watch Cell Phone & Smart Watch Sync to Android IOS Smart Phone (Black Plus),CNPGD,4,It's great...,Positive,Others,Low,Customer expressed general satisfaction.
BLU Dash JR W D141w Unlocked GSM Dual-SIM Android Cell Phone - White,BLU,5,BUENO,Neutral,Others,Low,Review text is in Spanish and does not provide specific details about the product.
Apple iPhone 7 Plus Unlocked Phone 32 GB - US Version (Rose Gold),Apple,5,I was a bit scepticle about the phone being unlocked but I must say it is 400% unlocked. I don't live in an area with at&t n those kind of big time companies I live in the Caribbean with local phone companies and it works perfectly . I'm very very very happy with my purchase. Bought from seller raydes he is amazing,Positive,Seller Experience,Low,Customer praised seller Raydes and had a positive experience with their purchase.
"POSH MOBILE TITAN PRO HD ANDROID GSM UNLOCKED DUAL SIM 5.5"" HD SMARTPHONE EXTRA-large HD display, 13MP Camera and 8GB of Storage.(Model#: E550 BLACK)",Posh Mobile,5,"The phone is so small and light, smaller than a flip phone. The screen is so small, but I can still see and can use the keyboard on the screen. I use it only with Wi-fi (No mobile data) connection. Wi-fi connection works well. With phone stand-by and Wi-fi connection, battery lasts for more than 3 days. I put 32 GB micro SD card for more storage because the phone only has 4GB internal storage. As you can see the phone spec, it is slow comparing with recent models, but it works well. It is like non-smart phone with Android features. I still have to figure out how to connect this phone to PC so I can transfer the files without open up the back cover and take out the SD card. (I cannot find a driver works with 64bit OS). Overall, I really love the phone and the price is good for this phone.",Positive,Performance,Low,Customer praised the phone's performance despite being slow compared to recent models.
Nokia Lumia 822 GSM Verizon CDMA 4G LTE Windows Smartphone -Black,Nokia,5,"I like this Nokia Lumia 822. I have it with Net10 everything works. The MMS did not work for 2 weeks, contacted Net10 thru chat, the lady configure my phone but still did not work until I deleted all the info under MMS APN and leave it blank. Since then, everything works.",Positive,Network,Low,"Customer praised overall experience with the phone and network, but had a minor issue with MMS that was resolved."
Blackberry Q5 Black Unlocked,Unknown,2,The blackberry dpesnt dowload iheart radio or hangouts app or Facebook.only iphone and android support this .phone was brand new and a good price but overall useless seeong its not compatible with anything that most smartphones are .awesome dual screen really nice camera we) built quick shipping .came ontime...next day but returned it because of the fact it doesnt support apps .,Negative,Performance,High,"Customer experienced issues with app compatibility, making the phone unusable."
"CHSLING Cell Phones Unlocked 5.0"" Anroid 5.1 MTK6580 Quad Core ROM 4GB 5.0MP Camera GSM/3G Quadband Dual Sim Smartphones WIFI Bluetooth Black",Unknown,1,Only works for 2g,Negative,Network,High,"Only works for 2g, implying compatibility issues with modern networks."
"ALCATEL OneTouch Pixi 3 Global Unlocked 3G Smartphone, 4.5 Display, 5MP Camera (GSM - US Warranty)",Alcatel,5,Excelent,Positive,Others,Low,Customer praised 'Excelent'.
Apple iPhone 5 32GB Factory Unlocked GSM Cell Phone - Black (Certified Refurbished),Apple,1,It came broken. Battery is overheating. Home button doesn't work. It was a gift and it was sent far away so I can't return it anymore. Very disappointed!,Negative,Product Quality,High,"Customer received a broken product with multiple issues, including overheating battery and non-functional home button."
Apple iPhone 6 Plus 128GB Factory Unlocked GSM 4G LTE Cell Phone - Gold,Unknown,5,Love it,Positive,Others,Low,Customer praised the product.
BLU Studio XL Android Smartphone - GSM Unlocked - White,BLU,5,the wife loves it,Positive,Others,Low,Customer expressed general satisfaction.
BlackBerry Q5 Unlocked GSM 4G LTE - Pink no warranty,BlackBerry,4,this phone in pink is sooooo pretty! but it is easy to get some ash in the screen :(,Positive,Display,Low,Customer praised the phone's appearance but mentioned a minor issue with ash on the screen.
